as_of_date,ticker,name,weight,sector,industry,source_id
2026-06-17,NVDA,Nvidia Corp,7.798583,Unknown,,spy_holdings_2026_06_17
2026-06-17,AAPL,Apple Inc,6.813569,Unknown,,spy_holdings_2026_06_17
2026-06-17,MSFT,Microsoft Corp,4.412264,Unknown,,spy_holdings_2026_06_17
2026-06-17,AMZN,Amazon.Com Inc,3.638221,Unknown,,spy_holdings_2026_06_17
2026-06-17,GOOGL,Alphabet Inc Cl A,3.345257,Unknown,,spy_holdings_2026_06_17
2026-06-17,AVGO,Broadcom Inc,2.92119,Unknown,,spy_holdings_2026_06_17
2026-06-17,GOOG,Alphabet Inc Cl C,2.68392,Unknown,,spy_holdings_2026_06_17
2026-06-17,META,Meta Platforms Inc Class A,1.946596,Unknown,,spy_holdings_2026_06_17
2026-06-17,MU,Micron Technology Inc,1.841082,Unknown,,spy_holdings_2026_06_17
2026-06-17,TSLA,Tesla Inc,1.748059,Unknown,,spy_holdings_2026_06_17
2026-06-17,BRK.B,Berkshire Hathaway Inc Cl B,1.412581,Unknown,,spy_holdings_2026_06_17
2026-06-17,JPM,Jpmorgan Chase + Co,1.409703,Unknown,,spy_holdings_2026_06_17
2026-06-17,LLY,Eli Lilly + Co,1.381695,Unknown,,spy_holdings_2026_06_17
2026-06-17,AMD,Advanced Micro Devices,1.310149,Unknown,,spy_holdings_2026_06_17
2026-06-17,XOM,Exxon Mobil Corp,0.922597,Unknown,,spy_holdings_2026_06_17
2026-06-17,INTC,Intel Corp,0.891473,Unknown,,spy_holdings_2026_06_17
2026-06-17,JNJ,Johnson + Johnson,0.885309,Unknown,,spy_holdings_2026_06_17
2026-06-17,V,Visa Inc Class A Shares,0.871179,Unknown,,spy_holdings_2026_06_17
2026-06-17,WMT,Walmart Inc,0.812271,Unknown,,spy_holdings_2026_06_17
2026-06-17,AMAT,Applied Materials Inc,0.737788,Unknown,,spy_holdings_2026_06_17
2026-06-17,LRCX,Lam Research Corp,0.73254,Unknown,,spy_holdings_2026_06_17
2026-06-17,CSCO,Cisco Systems Inc,0.727086,Unknown,,spy_holdings_2026_06_17
2026-06-17,CAT,Caterpillar Inc,0.697627,Unknown,,spy_holdings_2026_06_17
2026-06-17,COST,Costco Wholesale Corp,0.67192,Unknown,,spy_holdings_2026_06_17
2026-06-17,MA,Mastercard Inc   A,0.629718,Unknown,,spy_holdings_2026_06_17
2026-06-17,ABBV,Abbvie Inc,0.613236,Unknown,,spy_holdings_2026_06_17
2026-06-17,BAC,Bank Of America Corp,0.588306,Unknown,,spy_holdings_2026_06_17
2026-06-17,GE,General Electric,0.587539,Unknown,,spy_holdings_2026_06_17
2026-06-17,UNH,Unitedhealth Group Inc,0.567818,Unknown,,spy_holdings_2026_06_17
2026-06-17,PG,Procter + Gamble Co/The,0.549017,Unknown,,spy_holdings_2026_06_17
2026-06-17,CVX,Chevron Corp,0.522087,Unknown,,spy_holdings_2026_06_17
2026-06-17,GS,Goldman Sachs Group Inc,0.517151,Unknown,,spy_holdings_2026_06_17
2026-06-17,HD,Home Depot Inc,0.511535,Unknown,,spy_holdings_2026_06_17
2026-06-17,NFLX,Netflix Inc,0.509636,Unknown,,spy_holdings_2026_06_17
2026-06-17,KLAC,Kla Corp,0.490776,Unknown,,spy_holdings_2026_06_17
2026-06-17,ORCL,Oracle Corp,0.487892,Unknown,,spy_holdings_2026_06_17
2026-06-17,KO,Coca Cola Co/The,0.485511,Unknown,,spy_holdings_2026_06_17
2026-06-17,PLTR,Palantir Technologies Inc A,0.468219,Unknown,,spy_holdings_2026_06_17
2026-06-17,SNDK,Sandisk Corp,0.453475,Unknown,,spy_holdings_2026_06_17
2026-06-17,MRK,Merck + Co. Inc.,0.44934,Unknown,,spy_holdings_2026_06_17
2026-06-17,GEV,Ge Vernova Inc,0.443515,Unknown,,spy_holdings_2026_06_17
2026-06-17,PM,Philip Morris International,0.438238,Unknown,,spy_holdings_2026_06_17
2026-06-17,TXN,Texas Instruments Inc,0.429756,Unknown,,spy_holdings_2026_06_17
2026-06-17,MS,Morgan Stanley,0.424553,Unknown,,spy_holdings_2026_06_17
2026-06-17,WFC,Wells Fargo + Co,0.406626,Unknown,,spy_holdings_2026_06_17
2026-06-17,RTX,Rtx Corp,0.405566,Unknown,,spy_holdings_2026_06_17
2026-06-17,C,Citigroup Inc,0.394134,Unknown,,spy_holdings_2026_06_17
2026-06-17,IBM,Intl Business Machines Corp,0.384727,Unknown,,spy_holdings_2026_06_17
2026-06-17,WDC,Western Digital Corp,0.378548,Unknown,,spy_holdings_2026_06_17
2026-06-17,LIN,Linde Plc,0.37791,Unknown,,spy_holdings_2026_06_17
2026-06-17,STX,Seagate Technology Holdings,0.364604,Unknown,,spy_holdings_2026_06_17
2026-06-17,PANW,Palo Alto Networks Inc,0.35733,Unknown,,spy_holdings_2026_06_17
2026-06-17,QCOM,Qualcomm Inc,0.356381,Unknown,,spy_holdings_2026_06_17
2026-06-17,ADI,Analog Devices Inc,0.317615,Unknown,,spy_holdings_2026_06_17
2026-06-17,MCD,Mcdonald S Corp,0.317078,Unknown,,spy_holdings_2026_06_17
2026-06-17,APH,Amphenol Corp Cl A,0.310836,Unknown,,spy_holdings_2026_06_17
2026-06-17,PEP,Pepsico Inc,0.303556,Unknown,,spy_holdings_2026_06_17
2026-06-17,VZ,Verizon Communications Inc,0.303248,Unknown,,spy_holdings_2026_06_17
2026-06-17,AMGN,Amgen Inc,0.288586,Unknown,,spy_holdings_2026_06_17
2026-06-17,AXP,American Express Co,0.28606,Unknown,,spy_holdings_2026_06_17
2026-06-17,TJX,Tjx Companies Inc,0.285892,Unknown,,spy_holdings_2026_06_17
2026-06-17,DIS,Walt Disney Co/The,0.280267,Unknown,,spy_holdings_2026_06_17
2026-06-17,NEE,Nextera Energy Inc,0.280072,Unknown,,spy_holdings_2026_06_17
2026-06-17,BA,Boeing Co/The,0.277669,Unknown,,spy_holdings_2026_06_17
2026-06-17,TMO,Thermo Fisher Scientific Inc,0.272092,Unknown,,spy_holdings_2026_06_17
2026-06-17,CRWD,Crowdstrike Holdings Inc   A,0.269994,Unknown,,spy_holdings_2026_06_17
2026-06-17,ANET,Arista Networks Inc,0.267099,Unknown,,spy_holdings_2026_06_17
2026-06-17,ETN,Eaton Corp Plc,0.249422,Unknown,,spy_holdings_2026_06_17
2026-06-17,SCHW,Schwab (Charles) Corp,0.247477,Unknown,,spy_holdings_2026_06_17
2026-06-17,T,At+T Inc,0.246428,Unknown,,spy_holdings_2026_06_17
2026-06-17,GILD,Gilead Sciences Inc,0.244136,Unknown,,spy_holdings_2026_06_17
2026-06-17,ABT,Abbott Laboratories,0.241398,Unknown,,spy_holdings_2026_06_17
2026-06-17,UNP,Union Pacific Corp,0.240047,Unknown,,spy_holdings_2026_06_17
2026-06-17,BLK,Blackrock Inc,0.239281,Unknown,,spy_holdings_2026_06_17
2026-06-17,DE,Deere + Co,0.232463,Unknown,,spy_holdings_2026_06_17
2026-06-17,PFE,Pfizer Inc,0.231028,Unknown,,spy_holdings_2026_06_17
2026-06-17,UBER,Uber Technologies Inc,0.228899,Unknown,,spy_holdings_2026_06_17
2026-06-17,CRM,Salesforce Inc,0.227856,Unknown,,spy_holdings_2026_06_17
2026-06-17,HON,Honeywell International Inc,0.227628,Unknown,,spy_holdings_2026_06_17
2026-06-17,WELL,Welltower Inc,0.226222,Unknown,,spy_holdings_2026_06_17
2026-06-17,ISRG,Intuitive Surgical Inc,0.224091,Unknown,,spy_holdings_2026_06_17
2026-06-17,BKNG,Booking Holdings Inc,0.216684,Unknown,,spy_holdings_2026_06_17
2026-06-17,GLW,Corning Inc,0.214634,Unknown,,spy_holdings_2026_06_17
2026-06-17,COP,Conocophillips,0.2137,Unknown,,spy_holdings_2026_06_17
2026-06-17,PLD,Prologis Inc,0.205451,Unknown,,spy_holdings_2026_06_17
2026-06-17,-,Us Dollar,0.205241,Unknown,,spy_holdings_2026_06_17
2026-06-17,APP,Applovin Corp Class A,0.203621,Unknown,,spy_holdings_2026_06_17
2026-06-17,SPGI,S+P Global Inc,0.200597,Unknown,,spy_holdings_2026_06_17
2026-06-17,CVS,Cvs Health Corp,0.197919,Unknown,,spy_holdings_2026_06_17
2026-06-17,COF,Capital One Financial Corp,0.196892,Unknown,,spy_holdings_2026_06_17
2026-06-17,DELL,Dell Technologies  C,0.195209,Unknown,,spy_holdings_2026_06_17
2026-06-17,LOW,Lowe S Cos Inc,0.190913,Unknown,,spy_holdings_2026_06_17
2026-06-17,VRT,Vertiv Holdings Co A,0.190693,Unknown,,spy_holdings_2026_06_17
2026-06-17,PGR,Progressive Corp,0.187664,Unknown,,spy_holdings_2026_06_17
2026-06-17,PH,Parker Hannifin Corp,0.187191,Unknown,,spy_holdings_2026_06_17
2026-06-17,CB,Chubb Ltd,0.187071,Unknown,,spy_holdings_2026_06_17
2026-06-17,VRTX,Vertex Pharmaceuticals Inc,0.182692,Unknown,,spy_holdings_2026_06_17
2026-06-17,MO,Altria Group Inc,0.181411,Unknown,,spy_holdings_2026_06_17
2026-06-17,NEM,Newmont Corp,0.180633,Unknown,,spy_holdings_2026_06_17
2026-06-17,SBUX,Starbucks Corp,0.178304,Unknown,,spy_holdings_2026_06_17
2026-06-17,HWM,Howmet Aerospace Inc,0.178021,Unknown,,spy_holdings_2026_06_17
2026-06-17,BMY,Bristol Myers Squibb Co,0.176821,Unknown,,spy_holdings_2026_06_17
2026-06-17,DHR,Danaher Corp,0.175605,Unknown,,spy_holdings_2026_06_17
2026-06-17,LMT,Lockheed Martin Corp,0.169028,Unknown,,spy_holdings_2026_06_17
2026-06-17,EQIX,Equinix Inc,0.16778,Unknown,,spy_holdings_2026_06_17
2026-06-17,PWR,Quanta Services Inc,0.167049,Unknown,,spy_holdings_2026_06_17
2026-06-17,CDNS,Cadence Design Sys Inc,0.166115,Unknown,,spy_holdings_2026_06_17
2026-06-17,TT,Trane Technologies Plc,0.163961,Unknown,,spy_holdings_2026_06_17
2026-06-17,SYK,Stryker Corp,0.162834,Unknown,,spy_holdings_2026_06_17
2026-06-17,SO,Southern Co/The,0.159744,Unknown,,spy_holdings_2026_06_17
2026-06-17,BNY,Bank Of New York Mellon Corp,0.157563,Unknown,,spy_holdings_2026_06_17
2026-06-17,MDT,Medtronic Plc,0.157079,Unknown,,spy_holdings_2026_06_17
2026-06-17,NOW,Servicenow Inc,0.15675,Unknown,,spy_holdings_2026_06_17
2026-06-17,CMI,Cummins Inc,0.155554,Unknown,,spy_holdings_2026_06_17
2026-06-17,FCX,Freeport Mcmoran Inc,0.155448,Unknown,,spy_holdings_2026_06_17
2026-06-17,DUK,Duke Energy Corp,0.151136,Unknown,,spy_holdings_2026_06_17
2026-06-17,ACN,Accenture Plc Cl A,0.150546,Unknown,,spy_holdings_2026_06_17
2026-06-17,MCK,Mckesson Corp,0.149751,Unknown,,spy_holdings_2026_06_17
2026-06-17,PNC,Pnc Financial Services Group,0.147792,Unknown,,spy_holdings_2026_06_17
2026-06-17,BX,Blackstone Inc,0.146895,Unknown,,spy_holdings_2026_06_17
2026-06-17,GD,General Dynamics Corp,0.144284,Unknown,,spy_holdings_2026_06_17
2026-06-17,CME,Cme Group Inc,0.142793,Unknown,,spy_holdings_2026_06_17
2026-06-17,FTNT,Fortinet Inc,0.142754,Unknown,,spy_holdings_2026_06_17
2026-06-17,USB,Us Bancorp,0.140941,Unknown,,spy_holdings_2026_06_17
2026-06-17,SNPS,Synopsys Inc,0.138642,Unknown,,spy_holdings_2026_06_17
2026-06-17,ADP,Automatic Data Processing,0.138066,Unknown,,spy_holdings_2026_06_17
2026-06-17,JCI,Johnson Controls Internation,0.137648,Unknown,,spy_holdings_2026_06_17
2026-06-17,WMB,Williams Cos Inc,0.136401,Unknown,,spy_holdings_2026_06_17
2026-06-17,MAR,Marriott International  Cl A,0.136012,Unknown,,spy_holdings_2026_06_17
2026-06-17,ELV,Elevance Health Inc,0.135295,Unknown,,spy_holdings_2026_06_17
2026-06-17,TMUS,T Mobile Us Inc,0.13469,Unknown,,spy_holdings_2026_06_17
2026-06-17,CEG,Constellation Energy,0.133997,Unknown,,spy_holdings_2026_06_17
2026-06-17,AMT,American Tower Corp,0.133131,Unknown,,spy_holdings_2026_06_17
2026-06-17,CSX,Csx Corp,0.132688,Unknown,,spy_holdings_2026_06_17
2026-06-17,EMR,Emerson Electric Co,0.131573,Unknown,,spy_holdings_2026_06_17
2026-06-17,MMM,3M Co,0.131434,Unknown,,spy_holdings_2026_06_17
2026-06-17,HOOD,Robinhood Markets Inc   A,0.130268,Unknown,,spy_holdings_2026_06_17
2026-06-17,CMCSA,Comcast Corp Class A,0.12766,Unknown,,spy_holdings_2026_06_17
2026-06-17,ADBE,Adobe Inc,0.126327,Unknown,,spy_holdings_2026_06_17
2026-06-17,HLT,Hilton Worldwide Holdings In,0.125496,Unknown,,spy_holdings_2026_06_17
2026-06-17,WM,Waste Management Inc,0.125395,Unknown,,spy_holdings_2026_06_17
2026-06-17,MRSH,Marsh + Mclennan Cos,0.124627,Unknown,,spy_holdings_2026_06_17
2026-06-17,MDLZ,Mondelez International Inc A,0.122259,Unknown,,spy_holdings_2026_06_17
2026-06-17,UPS,United Parcel Service Cl B,0.121637,Unknown,,spy_holdings_2026_06_17
2026-06-17,ICE,Intercontinental Exchange In,0.119815,Unknown,,spy_holdings_2026_06_17
2026-06-17,RCL,Royal Caribbean Cruises Ltd,0.118846,Unknown,,spy_holdings_2026_06_17
2026-06-17,SLB,Slb Ltd,0.118226,Unknown,,spy_holdings_2026_06_17
2026-06-17,ROST,Ross Stores Inc,0.118218,Unknown,,spy_holdings_2026_06_17
2026-06-17,NXPI,Nxp Semiconductors Nv,0.117803,Unknown,,spy_holdings_2026_06_17
2026-06-17,CI,The Cigna Group,0.117698,Unknown,,spy_holdings_2026_06_17
2026-06-17,INTU,Intuit Inc,0.117424,Unknown,,spy_holdings_2026_06_17
2026-06-17,TDG,Transdigm Group Inc,0.116659,Unknown,,spy_holdings_2026_06_17
2026-06-17,ORLY,O Reilly Automotive Inc,0.116643,Unknown,,spy_holdings_2026_06_17
2026-06-17,DDOG,Datadog Inc   Class A,0.116559,Unknown,,spy_holdings_2026_06_17
2026-06-17,NOC,Northrop Grumman Corp,0.115076,Unknown,,spy_holdings_2026_06_17
2026-06-17,CRH,Crh Plc,0.11487,Unknown,,spy_holdings_2026_06_17
2026-06-17,VLO,Valero Energy Corp,0.114623,Unknown,,spy_holdings_2026_06_17
2026-06-17,CL,Colgate Palmolive Co,0.114351,Unknown,,spy_holdings_2026_06_17
2026-06-17,EOG,Eog Resources Inc,0.113332,Unknown,,spy_holdings_2026_06_17
2026-06-17,SHW,Sherwin Williams Co/The,0.113304,Unknown,,spy_holdings_2026_06_17
2026-06-17,MPC,Marathon Petroleum Corp,0.113094,Unknown,,spy_holdings_2026_06_17
2026-06-17,GM,General Motors Co,0.112726,Unknown,,spy_holdings_2026_06_17
2026-06-17,COHR,Coherent Corp,0.111479,Unknown,,spy_holdings_2026_06_17
2026-06-17,MPWR,Monolithic Power Systems Inc,0.110686,Unknown,,spy_holdings_2026_06_17
2026-06-17,FDX,Fedex Corp,0.110501,Unknown,,spy_holdings_2026_06_17
2026-06-17,AON,Aon Plc Class A,0.109813,Unknown,,spy_holdings_2026_06_17
2026-06-17,MCO,Moody S Corp,0.109621,Unknown,,spy_holdings_2026_06_17
2026-06-17,AEP,American Electric Power,0.108897,Unknown,,spy_holdings_2026_06_17
2026-06-17,ITW,Illinois Tool Works,0.107735,Unknown,,spy_holdings_2026_06_17
2026-06-17,ECL,Ecolab Inc,0.107711,Unknown,,spy_holdings_2026_06_17
2026-06-17,SPG,Simon Property Group Inc,0.106929,Unknown,,spy_holdings_2026_06_17
2026-06-17,FIX,Comfort Systems Usa Inc,0.106894,Unknown,,spy_holdings_2026_06_17
2026-06-17,PSX,Phillips 66,0.10579,Unknown,,spy_holdings_2026_06_17
2026-06-17,NSC,Norfolk Southern Corp,0.105646,Unknown,,spy_holdings_2026_06_17
2026-06-17,BSX,Boston Scientific Corp,0.104685,Unknown,,spy_holdings_2026_06_17
2026-06-17,KKR,Kkr + Co Inc,0.104458,Unknown,,spy_holdings_2026_06_17
2026-06-17,MSI,Motorola Solutions Inc,0.104024,Unknown,,spy_holdings_2026_06_17
2026-06-17,TRV,Travelers Cos Inc/The,0.103704,Unknown,,spy_holdings_2026_06_17
2026-06-17,URI,United Rentals Inc,0.103494,Unknown,,spy_holdings_2026_06_17
2026-06-17,MNST,Monster Beverage Corp,0.10231,Unknown,,spy_holdings_2026_06_17
2026-06-17,WBD,Warner Bros Discovery Inc,0.102272,Unknown,,spy_holdings_2026_06_17
2026-06-17,APO,Apollo Global Management Inc,0.100918,Unknown,,spy_holdings_2026_06_17
2026-06-17,HPE,Hewlett Packard Enterprise,0.100149,Unknown,,spy_holdings_2026_06_17
2026-06-17,TER,Teradyne Inc,0.100134,Unknown,,spy_holdings_2026_06_17
2026-06-17,APD,Air Products + Chemicals Inc,0.09818,Unknown,,spy_holdings_2026_06_17
2026-06-17,LITE,Lumentum Holdings Inc,0.097591,Unknown,,spy_holdings_2026_06_17
2026-06-17,TEL,Te Connectivity Plc,0.097565,Unknown,,spy_holdings_2026_06_17
2026-06-17,DASH,Doordash Inc   A,0.096896,Unknown,,spy_holdings_2026_06_17
2026-06-17,PCAR,Paccar Inc,0.096875,Unknown,,spy_holdings_2026_06_17
2026-06-17,KMI,Kinder Morgan Inc,0.096463,Unknown,,spy_holdings_2026_06_17
2026-06-17,CIEN,Ciena Corp,0.096369,Unknown,,spy_holdings_2026_06_17
2026-06-17,REGN,Regeneron Pharmaceuticals,0.095968,Unknown,,spy_holdings_2026_06_17
2026-06-17,TFC,Truist Financial Corp,0.095257,Unknown,,spy_holdings_2026_06_17
2026-06-17,HCA,Hca Healthcare Inc,0.095231,Unknown,,spy_holdings_2026_06_17
2026-06-17,DLR,Digital Realty Trust Inc,0.094529,Unknown,,spy_holdings_2026_06_17
2026-06-17,KEYS,Keysight Technologies In,0.094207,Unknown,,spy_holdings_2026_06_17
2026-06-17,ABNB,Airbnb Inc Class A,0.093243,Unknown,,spy_holdings_2026_06_17
2026-06-17,BKR,Baker Hughes Co,0.093237,Unknown,,spy_holdings_2026_06_17
2026-06-17,SRE,Sempra,0.092599,Unknown,,spy_holdings_2026_06_17
2026-06-17,LHX,L3Harris Technologies Inc,0.091503,Unknown,,spy_holdings_2026_06_17
2026-06-17,D,Dominion Energy Inc,0.091211,Unknown,,spy_holdings_2026_06_17
2026-06-17,NUE,Nucor Corp,0.090676,Unknown,,spy_holdings_2026_06_17
2026-06-17,TGT,Target Corp,0.090637,Unknown,,spy_holdings_2026_06_17
2026-06-17,CTAS,Cintas Corp,0.090356,Unknown,,spy_holdings_2026_06_17
2026-06-17,ALL,Allstate Corp,0.090262,Unknown,,spy_holdings_2026_06_17
2026-06-17,GWW,Ww Grainger Inc,0.089772,Unknown,,spy_holdings_2026_06_17
2026-06-17,TRGP,Targa Resources Corp,0.087805,Unknown,,spy_holdings_2026_06_17
2026-06-17,AJG,Arthur J Gallagher + Co,0.087242,Unknown,,spy_holdings_2026_06_17
2026-06-17,O,Realty Income Corp,0.08717,Unknown,,spy_holdings_2026_06_17
2026-06-17,F,Ford Motor Co,0.085909,Unknown,,spy_holdings_2026_06_17
2026-06-17,CARR,Carrier Global Corp,0.085495,Unknown,,spy_holdings_2026_06_17
2026-06-17,AFL,Aflac Inc,0.084983,Unknown,,spy_holdings_2026_06_17
2026-06-17,COR,Cencora Inc,0.084586,Unknown,,spy_holdings_2026_06_17
2026-06-17,OKE,Oneok Inc,0.084495,Unknown,,spy_holdings_2026_06_17
2026-06-17,DAL,Delta Air Lines Inc,0.083981,Unknown,,spy_holdings_2026_06_17
2026-06-17,CAH,Cardinal Health Inc,0.083389,Unknown,,spy_holdings_2026_06_17
2026-06-17,AME,Ametek Inc,0.083274,Unknown,,spy_holdings_2026_06_17
2026-06-17,NKE,Nike Inc  Cl B,0.082556,Unknown,,spy_holdings_2026_06_17
2026-06-17,CTVA,Corteva Inc,0.081495,Unknown,,spy_holdings_2026_06_17
2026-06-17,FAST,Fastenal Co,0.081098,Unknown,,spy_holdings_2026_06_17
2026-06-17,ROK,Rockwell Automation Inc,0.080624,Unknown,,spy_holdings_2026_06_17
2026-06-17,MCHP,Microchip Technology Inc,0.079663,Unknown,,spy_holdings_2026_06_17
2026-06-17,AZO,Autozone Inc,0.079481,Unknown,,spy_holdings_2026_06_17
2026-06-17,VST,Vistra Corp,0.079116,Unknown,,spy_holdings_2026_06_17
2026-06-17,ETR,Entergy Corp,0.078706,Unknown,,spy_holdings_2026_06_17
2026-06-17,EW,Edwards Lifesciences Corp,0.078673,Unknown,,spy_holdings_2026_06_17
2026-06-17,PSA,Public Storage,0.077699,Unknown,,spy_holdings_2026_06_17
2026-06-17,DVN,Devon Energy Corp,0.076913,Unknown,,spy_holdings_2026_06_17
2026-06-17,EBAY,Ebay Inc,0.076266,Unknown,,spy_holdings_2026_06_17
2026-06-17,STT,State Street Corp,0.074659,Unknown,,spy_holdings_2026_06_17
2026-06-17,FITB,Fifth Third Bancorp,0.074359,Unknown,,spy_holdings_2026_06_17
2026-06-17,MET,Metlife Inc,0.073953,Unknown,,spy_holdings_2026_06_17
2026-06-17,EXC,Exelon Corp,0.073149,Unknown,,spy_holdings_2026_06_17
2026-06-17,WAB,Wabtec Corp,0.072959,Unknown,,spy_holdings_2026_06_17
2026-06-17,XEL,Xcel Energy Inc,0.072107,Unknown,,spy_holdings_2026_06_17
2026-06-17,EA,Electronic Arts Inc,0.071944,Unknown,,spy_holdings_2026_06_17
2026-06-17,ON,On Semiconductor,0.070008,Unknown,,spy_holdings_2026_06_17
2026-06-17,CVNA,Carvana Co,0.069983,Unknown,,spy_holdings_2026_06_17
2026-06-17,MSCI,Msci Inc,0.06866,Unknown,,spy_holdings_2026_06_17
2026-06-17,HUM,Humana Inc,0.0685,Unknown,,spy_holdings_2026_06_17
2026-06-17,IDXX,Idexx Laboratories Inc,0.068404,Unknown,,spy_holdings_2026_06_17
2026-06-17,AMP,Ameriprise Financial Inc,0.067442,Unknown,,spy_holdings_2026_06_17
2026-06-17,YUM,Yum  Brands Inc,0.067294,Unknown,,spy_holdings_2026_06_17
2026-06-17,IBKR,Interactive Brokers Gro Cl A,0.066598,Unknown,,spy_holdings_2026_06_17
2026-06-17,KDP,Keurig Dr Pepper Inc,0.0659,Unknown,,spy_holdings_2026_06_17
2026-06-17,RSG,Republic Services Inc,0.065718,Unknown,,spy_holdings_2026_06_17
2026-06-17,CMG,Chipotle Mexican Grill Inc,0.064961,Unknown,,spy_holdings_2026_06_17
2026-06-17,DHI,Dr Horton Inc,0.064291,Unknown,,spy_holdings_2026_06_17
2026-06-17,ADSK,Autodesk Inc,0.064104,Unknown,,spy_holdings_2026_06_17
2026-06-17,BDX,Becton Dickinson And Co,0.063144,Unknown,,spy_holdings_2026_06_17
2026-06-17,ODFL,Old Dominion Freight Line,0.063015,Unknown,,spy_holdings_2026_06_17
2026-06-17,AIG,American International Group,0.062792,Unknown,,spy_holdings_2026_06_17
2026-06-17,XYZ,Block Inc,0.062415,Unknown,,spy_holdings_2026_06_17
2026-06-17,PEG,Public Service Enterprise Gp,0.062249,Unknown,,spy_holdings_2026_06_17
2026-06-17,TTWO,Take Two Interactive Softwre,0.062239,Unknown,,spy_holdings_2026_06_17
2026-06-17,JBL,Jabil Inc,0.06189,Unknown,,spy_holdings_2026_06_17
2026-06-17,VTR,Ventas Inc,0.06124,Unknown,,spy_holdings_2026_06_17
2026-06-17,VMC,Vulcan Materials Co,0.061185,Unknown,,spy_holdings_2026_06_17
2026-06-17,ED,Consolidated Edison Inc,0.060761,Unknown,,spy_holdings_2026_06_17
2026-06-17,PYPL,Paypal Holdings Inc,0.06064,Unknown,,spy_holdings_2026_06_17
2026-06-17,CCL,Carnival Corp Ltd,0.060329,Unknown,,spy_holdings_2026_06_17
2026-06-17,OXY,Occidental Petroleum Corp,0.059821,Unknown,,spy_holdings_2026_06_17
2026-06-17,CBRE,Cbre Group Inc   A,0.059477,Unknown,,spy_holdings_2026_06_17
2026-06-17,SYY,Sysco Corp,0.059375,Unknown,,spy_holdings_2026_06_17
2026-06-17,GRMN,Garmin Ltd,0.05925,Unknown,,spy_holdings_2026_06_17
2026-06-17,UAL,United Airlines Holdings Inc,0.058999,Unknown,,spy_holdings_2026_06_17
2026-06-17,CCI,Crown Castle Inc,0.058663,Unknown,,spy_holdings_2026_06_17
2026-06-17,NDAQ,Nasdaq Inc,0.058537,Unknown,,spy_holdings_2026_06_17
2026-06-17,STLD,Steel Dynamics Inc,0.058386,Unknown,,spy_holdings_2026_06_17
2026-06-17,EME,Emcor Group Inc,0.058265,Unknown,,spy_holdings_2026_06_17
2026-06-17,PRU,Prudential Financial Inc,0.058245,Unknown,,spy_holdings_2026_06_17
2026-06-17,IRM,Iron Mountain Inc,0.058102,Unknown,,spy_holdings_2026_06_17
2026-06-17,ADM,Archer Daniels Midland Co,0.057673,Unknown,,spy_holdings_2026_06_17
2026-06-17,WEC,Wec Energy Group Inc,0.057632,Unknown,,spy_holdings_2026_06_17
2026-06-17,COIN,Coinbase Global Inc  Class A,0.057594,Unknown,,spy_holdings_2026_06_17
2026-06-17,HIG,Hartford Insurance Group Inc,0.056879,Unknown,,spy_holdings_2026_06_17
2026-06-17,PCG,P G + E Corp,0.056854,Unknown,,spy_holdings_2026_06_17
2026-06-17,FANG,Diamondback Energy Inc,0.056515,Unknown,,spy_holdings_2026_06_17
2026-06-17,KR,Kroger Co,0.05635,Unknown,,spy_holdings_2026_06_17
2026-06-17,MLM,Martin Marietta Materials,0.05609,Unknown,,spy_holdings_2026_06_17
2026-06-17,ROP,Roper Technologies Inc,0.055047,Unknown,,spy_holdings_2026_06_17
2026-06-17,A,Agilent Technologies Inc,0.054964,Unknown,,spy_holdings_2026_06_17
2026-06-17,WAT,Waters Corp,0.054755,Unknown,,spy_holdings_2026_06_17
2026-06-17,KVUE,Kenvue Inc,0.054259,Unknown,,spy_holdings_2026_06_17
2026-06-17,HBAN,Huntington Bancshares Inc,0.053874,Unknown,,spy_holdings_2026_06_17
2026-06-17,MTB,M + T Bank Corp,0.05362,Unknown,,spy_holdings_2026_06_17
2026-06-17,KMB,Kimberly Clark Corp,0.052995,Unknown,,spy_holdings_2026_06_17
2026-06-17,AXON,Axon Enterprise Inc,0.052298,Unknown,,spy_holdings_2026_06_17
2026-06-17,ACGL,Arch Capital Group Ltd,0.051652,Unknown,,spy_holdings_2026_06_17
2026-06-17,Q,Qnity Electronics Inc,0.051291,Unknown,,spy_holdings_2026_06_17
2026-06-17,ZTS,Zoetis Inc,0.051075,Unknown,,spy_holdings_2026_06_17
2026-06-17,NTRS,Northern Trust Corp,0.050939,Unknown,,spy_holdings_2026_06_17
2026-06-17,EQT,Eqt Corp,0.050198,Unknown,,spy_holdings_2026_06_17
2026-06-17,CASY,Casey S General Stores Inc,0.049301,Unknown,,spy_holdings_2026_06_17
2026-06-17,PAYX,Paychex Inc,0.04923,Unknown,,spy_holdings_2026_06_17
2026-06-17,EXR,Extra Space Storage Inc,0.048085,Unknown,,spy_holdings_2026_06_17
2026-06-17,DTE,Dte Energy Company,0.047895,Unknown,,spy_holdings_2026_06_17
2026-06-17,NTAP,Netapp Inc,0.047862,Unknown,,spy_holdings_2026_06_17
2026-06-17,HAL,Halliburton Co,0.047466,Unknown,,spy_holdings_2026_06_17
2026-06-17,AEE,Ameren Corporation,0.047254,Unknown,,spy_holdings_2026_06_17
2026-06-17,DOV,Dover Corp,0.046548,Unknown,,spy_holdings_2026_06_17
2026-06-17,TPR,Tapestry Inc,0.046179,Unknown,,spy_holdings_2026_06_17
2026-06-17,BIIB,Biogen Inc,0.045942,Unknown,,spy_holdings_2026_06_17
2026-06-17,VICI,Vici Properties Inc,0.045732,Unknown,,spy_holdings_2026_06_17
2026-06-17,IQV,Iqvia Holdings Inc,0.04565,Unknown,,spy_holdings_2026_06_17
2026-06-17,TDY,Teledyne Technologies Inc,0.045233,Unknown,,spy_holdings_2026_06_17
2026-06-17,OTIS,Otis Worldwide Corp,0.044617,Unknown,,spy_holdings_2026_06_17
2026-06-17,CNC,Centene Corp,0.044434,Unknown,,spy_holdings_2026_06_17
2026-06-17,CFG,Citizens Financial Group,0.044341,Unknown,,spy_holdings_2026_06_17
2026-06-17,NRG,Nrg Energy Inc,0.044135,Unknown,,spy_holdings_2026_06_17
2026-06-17,EXPE,Expedia Group Inc,0.04412,Unknown,,spy_holdings_2026_06_17
2026-06-17,ATO,Atmos Energy Corp,0.044047,Unknown,,spy_holdings_2026_06_17
2026-06-17,GEHC,Ge Healthcare Technology,0.043936,Unknown,,spy_holdings_2026_06_17
2026-06-17,CNP,Centerpoint Energy Inc,0.043607,Unknown,,spy_holdings_2026_06_17
2026-06-17,RJF,Raymond James Financial Inc,0.043498,Unknown,,spy_holdings_2026_06_17
2026-06-17,EIX,Edison International,0.043018,Unknown,,spy_holdings_2026_06_17
2026-06-17,IR,Ingersoll Rand Inc,0.042892,Unknown,,spy_holdings_2026_06_17
2026-06-17,DXCM,Dexcom Inc,0.042845,Unknown,,spy_holdings_2026_06_17
2026-06-17,FSLR,First Solar Inc,0.042796,Unknown,,spy_holdings_2026_06_17
2026-06-17,LYV,Live Nation Entertainment In,0.042722,Unknown,,spy_holdings_2026_06_17
2026-06-17,RMD,Resmed Inc,0.042634,Unknown,,spy_holdings_2026_06_17
2026-06-17,HUBB,Hubbell Inc,0.042375,Unknown,,spy_holdings_2026_06_17
2026-06-17,XYL,Xylem Inc,0.042129,Unknown,,spy_holdings_2026_06_17
2026-06-17,CINF,Cincinnati Financial Corp,0.042123,Unknown,,spy_holdings_2026_06_17
2026-06-17,FICO,Fair Isaac Corp,0.042061,Unknown,,spy_holdings_2026_06_17
2026-06-17,CBOE,Cboe Global Markets Inc,0.041771,Unknown,,spy_holdings_2026_06_17
2026-06-17,ARES,Ares Management Corp   A,0.04151,Unknown,,spy_holdings_2026_06_17
2026-06-17,FISV,Fiserv Inc,0.041304,Unknown,,spy_holdings_2026_06_17
2026-06-17,CPRT,Copart Inc,0.041243,Unknown,,spy_holdings_2026_06_17
2026-06-17,WSM,Williams Sonoma Inc,0.041221,Unknown,,spy_holdings_2026_06_17
2026-06-17,PPG,Ppg Industries Inc,0.04118,Unknown,,spy_holdings_2026_06_17
2026-06-17,PPL,Ppl Corp,0.040952,Unknown,,spy_holdings_2026_06_17
2026-06-17,HSY,Hershey Co/The,0.040724,Unknown,,spy_holdings_2026_06_17
2026-06-17,WDAY,Workday Inc Class A,0.040572,Unknown,,spy_holdings_2026_06_17
2026-06-17,ES,Eversource Energy,0.040561,Unknown,,spy_holdings_2026_06_17
2026-06-17,SYF,Synchrony Financial,0.040236,Unknown,,spy_holdings_2026_06_17
2026-06-17,AVB,Avalonbay Communities Inc,0.039998,Unknown,,spy_holdings_2026_06_17
2026-06-17,CPAY,Corpay Inc,0.038917,Unknown,,spy_holdings_2026_06_17
2026-06-17,RF,Regions Financial Corp,0.038837,Unknown,,spy_holdings_2026_06_17
2026-06-17,WTW,Willis Towers Watson Plc,0.038642,Unknown,,spy_holdings_2026_06_17
2026-06-17,VRSK,Verisk Analytics Inc,0.03856,Unknown,,spy_holdings_2026_06_17
2026-06-17,AWK,American Water Works Co Inc,0.038531,Unknown,,spy_holdings_2026_06_17
2026-06-17,DRI,Darden Restaurants Inc,0.038012,Unknown,,spy_holdings_2026_06_17
2026-06-17,FE,Firstenergy Corp,0.037571,Unknown,,spy_holdings_2026_06_17
2026-06-17,OMC,Omnicom Group,0.037507,Unknown,,spy_holdings_2026_06_17
2026-06-17,DG,Dollar General Corp,0.037487,Unknown,,spy_holdings_2026_06_17
2026-06-17,TROW,T Rowe Price Group Inc,0.037354,Unknown,,spy_holdings_2026_06_17
2026-06-17,VEEV,Veeva Systems Inc Class A,0.036718,Unknown,,spy_holdings_2026_06_17
2026-06-17,WST,West Pharmaceutical Services,0.036654,Unknown,,spy_holdings_2026_06_17
2026-06-17,PHM,Pultegroup Inc,0.036579,Unknown,,spy_holdings_2026_06_17
2026-06-17,DOW,Dow Inc,0.036508,Unknown,,spy_holdings_2026_06_17
2026-06-17,CTSH,Cognizant Tech Solutions A,0.036508,Unknown,,spy_holdings_2026_06_17
2026-06-17,CHD,Church + Dwight Co Inc,0.036012,Unknown,,spy_holdings_2026_06_17
2026-06-17,MTD,Mettler Toledo International,0.035841,Unknown,,spy_holdings_2026_06_17
2026-06-17,LUV,Southwest Airlines Co,0.035788,Unknown,,spy_holdings_2026_06_17
2026-06-17,SW,Smurfit Westrock Plc,0.035648,Unknown,,spy_holdings_2026_06_17
2026-06-17,CMS,Cms Energy Corp,0.035257,Unknown,,spy_holdings_2026_06_17
2026-06-17,NI,Nisource Inc,0.034974,Unknown,,spy_holdings_2026_06_17
2026-06-17,EQR,Equity Residential,0.034687,Unknown,,spy_holdings_2026_06_17
2026-06-17,CHRW,C.H. Robinson Worldwide Inc,0.034562,Unknown,,spy_holdings_2026_06_17
2026-06-17,VRSN,Verisign Inc,0.034125,Unknown,,spy_holdings_2026_06_17
2026-06-17,PFG,Principal Financial Group,0.034014,Unknown,,spy_holdings_2026_06_17
2026-06-17,DGX,Quest Diagnostics Inc,0.033968,Unknown,,spy_holdings_2026_06_17
2026-06-17,LH,Labcorp Holdings Inc,0.033945,Unknown,,spy_holdings_2026_06_17
2026-06-17,FFIV,F5 Inc,0.033915,Unknown,,spy_holdings_2026_06_17
2026-06-17,EXPD,Expeditors Intl Wash Inc,0.033892,Unknown,,spy_holdings_2026_06_17
2026-06-17,MRNA,Moderna Inc,0.03373,Unknown,,spy_holdings_2026_06_17
2026-06-17,HPQ,Hp Inc,0.033183,Unknown,,spy_holdings_2026_06_17
2026-06-17,KEY,Keycorp,0.033106,Unknown,,spy_holdings_2026_06_17
2026-06-17,EXE,Expand Energy Corp,0.032754,Unknown,,spy_holdings_2026_06_17
2026-06-17,VLTO,Veralto Corp,0.032475,Unknown,,spy_holdings_2026_06_17
2026-06-17,TPL,Texas Pacific Land Corp,0.032233,Unknown,,spy_holdings_2026_06_17
2026-06-17,SBAC,Sba Communications Corp,0.032137,Unknown,,spy_holdings_2026_06_17
2026-06-17,PKG,Packaging Corp Of America,0.032049,Unknown,,spy_holdings_2026_06_17
2026-06-17,EL,Estee Lauder Companies Cl A,0.031797,Unknown,,spy_holdings_2026_06_17
2026-06-17,WRB,Wr Berkley Corp,0.031663,Unknown,,spy_holdings_2026_06_17
2026-06-17,FIS,Fidelity National Info Serv,0.031454,Unknown,,spy_holdings_2026_06_17
2026-06-17,ULTA,Ulta Beauty Inc,0.031244,Unknown,,spy_holdings_2026_06_17
2026-06-17,SNA,Snap On Inc,0.031132,Unknown,,spy_holdings_2026_06_17
2026-06-17,JBHT,Hunt (Jb) Transprt Svcs Inc,0.03113,Unknown,,spy_holdings_2026_06_17
2026-06-17,KHC,Kraft Heinz Co/The,0.031085,Unknown,,spy_holdings_2026_06_17
2026-06-17,STZ,Constellation Brands Inc A,0.030844,Unknown,,spy_holdings_2026_06_17
2026-06-17,STE,Steris Plc,0.030816,Unknown,,spy_holdings_2026_06_17
2026-06-17,DLTR,Dollar Tree Inc,0.030721,Unknown,,spy_holdings_2026_06_17
2026-06-17,ALB,Albemarle Corp,0.030689,Unknown,,spy_holdings_2026_06_17
2026-06-17,DD,Dupont De Nemours Inc,0.030605,Unknown,,spy_holdings_2026_06_17
2026-06-17,IFF,Intl Flavors + Fragrances,0.030286,Unknown,,spy_holdings_2026_06_17
2026-06-17,EVRG,Evergy Inc,0.030114,Unknown,,spy_holdings_2026_06_17
2026-06-17,IP,International Paper Co,0.029885,Unknown,,spy_holdings_2026_06_17
2026-06-17,FTV,Fortive Corp,0.029658,Unknown,,spy_holdings_2026_06_17
2026-06-17,AMCR,Amcor Plc,0.029625,Unknown,,spy_holdings_2026_06_17
2026-06-17,LEN,Lennar Corp W/D,0.029376,Unknown,,spy_holdings_2026_06_17
2026-06-17,LNT,Alliant Energy Corp,0.029248,Unknown,,spy_holdings_2026_06_17
2026-06-17,EFX,Equifax Inc,0.029112,Unknown,,spy_holdings_2026_06_17
2026-06-17,L,Loews Corp,0.028762,Unknown,,spy_holdings_2026_06_17
2026-06-17,AKAM,Akamai Technologies Inc,0.028753,Unknown,,spy_holdings_2026_06_17
2026-06-17,VTRS,Viatris Inc,0.028623,Unknown,,spy_holdings_2026_06_17
2026-06-17,GIS,General Mills Inc,0.028054,Unknown,,spy_holdings_2026_06_17
2026-06-17,WY,Weyerhaeuser Co,0.027581,Unknown,,spy_holdings_2026_06_17
2026-06-17,ESS,Essex Property Trust Inc,0.02758,Unknown,,spy_holdings_2026_06_17
2026-06-17,FDXF,Fedex Freight Holding Co,0.027445,Unknown,,spy_holdings_2026_06_17
2026-06-17,NVR,Nvr Inc,0.027434,Unknown,,spy_holdings_2026_06_17
2026-06-17,BRO,Brown + Brown Inc,0.027205,Unknown,,spy_holdings_2026_06_17
2026-06-17,ZBH,Zimmer Biomet Holdings Inc,0.027195,Unknown,,spy_holdings_2026_06_17
2026-06-17,IEX,Idex Corp,0.026376,Unknown,,spy_holdings_2026_06_17
2026-06-17,CDW,Cdw Corp/De,0.026113,Unknown,,spy_holdings_2026_06_17
2026-06-17,KIM,Kimco Realty Corp,0.026091,Unknown,,spy_holdings_2026_06_17
2026-06-17,CF,Cf Industries Holdings Inc,0.025995,Unknown,,spy_holdings_2026_06_17
2026-06-17,INCY,Incyte Corp,0.0258,Unknown,,spy_holdings_2026_06_17
2026-06-17,LII,Lennox International Inc,0.025772,Unknown,,spy_holdings_2026_06_17
2026-06-17,BR,Broadridge Financial Solutio,0.025724,Unknown,,spy_holdings_2026_06_17
2026-06-17,INVH,Invitation Homes Inc,0.025238,Unknown,,spy_holdings_2026_06_17
2026-06-17,TXT,Textron Inc,0.025155,Unknown,,spy_holdings_2026_06_17
2026-06-17,LYB,Lyondellbasell Indu Cl A,0.025059,Unknown,,spy_holdings_2026_06_17
2026-06-17,TSN,Tyson Foods Inc Cl A,0.025042,Unknown,,spy_holdings_2026_06_17
2026-06-17,TSCO,Tractor Supply Company,0.024804,Unknown,,spy_holdings_2026_06_17
2026-06-17,BG,Bunge Global Sa,0.024751,Unknown,,spy_holdings_2026_06_17
2026-06-17,GPN,Global Payments Inc,0.024736,Unknown,,spy_holdings_2026_06_17
2026-06-17,HST,Host Hotels + Resorts Inc,0.024689,Unknown,,spy_holdings_2026_06_17
2026-06-17,MAA,Mid America Apartment Comm,0.024601,Unknown,,spy_holdings_2026_06_17
2026-06-17,RL,Ralph Lauren Corp,0.0245,Unknown,,spy_holdings_2026_06_17
2026-06-17,GNRC,Generac Holdings Inc,0.024462,Unknown,,spy_holdings_2026_06_17
2026-06-17,BALL,Ball Corp,0.024355,Unknown,,spy_holdings_2026_06_17
2026-06-17,NDSN,Nordson Corp,0.024257,Unknown,,spy_holdings_2026_06_17
2026-06-17,SATS,Echostar Corp A,0.023598,Unknown,,spy_holdings_2026_06_17
2026-06-17,DECK,Deckers Outdoor Corp,0.023391,Unknown,,spy_holdings_2026_06_17
2026-06-17,GPC,Genuine Parts Co,0.023091,Unknown,,spy_holdings_2026_06_17
2026-06-17,LVS,Las Vegas Sands Corp,0.023052,Unknown,,spy_holdings_2026_06_17
2026-06-17,MAS,Masco Corp,0.022994,Unknown,,spy_holdings_2026_06_17
2026-06-17,J,Jacobs Solutions Inc,0.022417,Unknown,,spy_holdings_2026_06_17
2026-06-17,BBY,Best Buy Co Inc,0.022189,Unknown,,spy_holdings_2026_06_17
2026-06-17,PTC,Ptc Inc,0.022023,Unknown,,spy_holdings_2026_06_17
2026-06-17,LDOS,Leidos Holdings Inc,0.021915,Unknown,,spy_holdings_2026_06_17
2026-06-17,SMCI,Super Micro Computer Inc,0.021903,Unknown,,spy_holdings_2026_06_17
2026-06-17,EG,Everest Group Ltd,0.021383,Unknown,,spy_holdings_2026_06_17
2026-06-17,GL,Globe Life Inc,0.021228,Unknown,,spy_holdings_2026_06_17
2026-06-17,DOC,Healthpeak Properties Inc,0.021006,Unknown,,spy_holdings_2026_06_17
2026-06-17,AIZ,Assurant Inc,0.020837,Unknown,,spy_holdings_2026_06_17
2026-06-17,APTV,Aptiv Plc,0.020837,Unknown,,spy_holdings_2026_06_17
2026-06-17,ROL,Rollins Inc,0.020736,Unknown,,spy_holdings_2026_06_17
2026-06-17,GEN,Gen Digital Inc,0.020511,Unknown,,spy_holdings_2026_06_17
2026-06-17,CSGP,Costar Group Inc,0.020357,Unknown,,spy_holdings_2026_06_17
2026-06-17,TKO,Tko Group Holdings Inc,0.020303,Unknown,,spy_holdings_2026_06_17
2026-06-17,SWK,Stanley Black + Decker Inc,0.020194,Unknown,,spy_holdings_2026_06_17
2026-06-17,REG,Regency Centers Corp,0.020097,Unknown,,spy_holdings_2026_06_17
2026-06-17,IVZ,Invesco Ltd,0.020009,Unknown,,spy_holdings_2026_06_17
2026-06-17,COO,Cooper Cos Inc/The,0.01985,Unknown,,spy_holdings_2026_06_17
2026-06-17,TYL,Tyler Technologies Inc,0.019491,Unknown,,spy_holdings_2026_06_17
2026-06-17,PNW,Pinnacle West Capital,0.019422,Unknown,,spy_holdings_2026_06_17
2026-06-17,AVY,Avery Dennison Corp,0.019417,Unknown,,spy_holdings_2026_06_17
2026-06-17,SJM,Jm Smucker Co/The,0.019122,Unknown,,spy_holdings_2026_06_17
2026-06-17,APA,Apa Corp,0.018945,Unknown,,spy_holdings_2026_06_17
2026-06-17,PNR,Pentair Plc,0.018909,Unknown,,spy_holdings_2026_06_17
2026-06-17,MKC,Mccormick + Co Non Vtg Shrs,0.01853,Unknown,,spy_holdings_2026_06_17
2026-06-17,LULU,Lululemon Athletica Inc,0.018525,Unknown,,spy_holdings_2026_06_17
2026-06-17,ALGN,Align Technology Inc,0.018215,Unknown,,spy_holdings_2026_06_17
2026-06-17,TRMB,Trimble Inc,0.018208,Unknown,,spy_holdings_2026_06_17
2026-06-17,HII,Huntington Ingalls Industrie,0.018207,Unknown,,spy_holdings_2026_06_17
2026-06-17,CLX,Clorox Company,0.018065,Unknown,,spy_holdings_2026_06_17
2026-06-17,UDR,Udr Inc,0.017975,Unknown,,spy_holdings_2026_06_17
2026-06-17,ZBRA,Zebra Technologies Corp Cl A,0.017799,Unknown,,spy_holdings_2026_06_17
2026-06-17,CPT,Camden Property Trust,0.017746,Unknown,,spy_holdings_2026_06_17
2026-06-17,CHTR,Charter Communications Inc A,0.017732,Unknown,,spy_holdings_2026_06_17
2026-06-17,ALLE,Allegion Plc,0.017628,Unknown,,spy_holdings_2026_06_17
2026-06-17,HAS,Hasbro Inc,0.017411,Unknown,,spy_holdings_2026_06_17
2026-06-17,SOLV,Solventum Corp,0.017385,Unknown,,spy_holdings_2026_06_17
2026-06-17,RVTY,Revvity Inc,0.017287,Unknown,,spy_holdings_2026_06_17
2026-06-17,SWKS,Skyworks Solutions Inc,0.016594,Unknown,,spy_holdings_2026_06_17
2026-06-17,AES,Aes Corp,0.016522,Unknown,,spy_holdings_2026_06_17
2026-06-17,BEN,Franklin Resources Inc,0.016337,Unknown,,spy_holdings_2026_06_17
2026-06-17,GDDY,Godaddy Inc   Class A,0.016194,Unknown,,spy_holdings_2026_06_17
2026-06-17,FOXA,Fox Corp   Class A,0.016012,Unknown,,spy_holdings_2026_06_17
2026-06-17,PODD,Insulet Corp,0.015837,Unknown,,spy_holdings_2026_06_17
2026-06-17,BAX,Baxter International Inc,0.015741,Unknown,,spy_holdings_2026_06_17
2026-06-17,DPZ,Domino S Pizza Inc,0.015407,Unknown,,spy_holdings_2026_06_17
2026-06-17,NWSA,News Corp   Class A,0.015313,Unknown,,spy_holdings_2026_06_17
2026-06-17,FRT,Federal Realty Invs Trust,0.014863,Unknown,,spy_holdings_2026_06_17
2026-06-17,IT,Gartner Inc,0.014626,Unknown,,spy_holdings_2026_06_17
2026-06-17,BXP,Bxp Inc,0.014577,Unknown,,spy_holdings_2026_06_17
2026-06-17,NCLH,Norwegian Cruise Line Holdin,0.014344,Unknown,,spy_holdings_2026_06_17
2026-06-17,CRL,Charles River Laboratories,0.01423,Unknown,,spy_holdings_2026_06_17
2026-06-17,JKHY,Jack Henry + Associates Inc,0.014155,Unknown,,spy_holdings_2026_06_17
2026-06-17,MGM,Mgm Resorts International,0.013922,Unknown,,spy_holdings_2026_06_17
2026-06-17,WYNN,Wynn Resorts Ltd,0.013543,Unknown,,spy_holdings_2026_06_17
2026-06-17,TECH,Bio Techne Corp,0.013493,Unknown,,spy_holdings_2026_06_17
2026-06-17,FDS,Factset Research Systems Inc,0.013463,Unknown,,spy_holdings_2026_06_17
2026-06-17,BLDR,Builders Firstsource Inc,0.013373,Unknown,,spy_holdings_2026_06_17
2026-06-17,HSIC,Henry Schein Inc,0.0126,Unknown,,spy_holdings_2026_06_17
2026-06-17,TTD,Trade Desk Inc/The  Class A,0.012589,Unknown,,spy_holdings_2026_06_17
2026-06-17,UHS,Universal Health Services B,0.012149,Unknown,,spy_holdings_2026_06_17
2026-06-17,ARE,Alexandria Real Estate Equit,0.012027,Unknown,,spy_holdings_2026_06_17
2026-06-17,MOS,Mosaic Co/The,0.011276,Unknown,,spy_holdings_2026_06_17
2026-06-17,HRL,Hormel Foods Corp,0.011247,Unknown,,spy_holdings_2026_06_17
2026-06-17,DVA,Davita Inc,0.010788,Unknown,,spy_holdings_2026_06_17
2026-06-17,AOS,Smith (A.O.) Corp,0.010254,Unknown,,spy_holdings_2026_06_17
2026-06-17,TAP,Molson Coors Beverage Co   B,0.010251,Unknown,,spy_holdings_2026_06_17
2026-06-17,FOX,Fox Corp   Class B,0.010226,Unknown,,spy_holdings_2026_06_17
2026-06-17,POOL,Pool Corp,0.010005,Unknown,,spy_holdings_2026_06_17
2026-06-17,CAG,Conagra Brands Inc,0.009968,Unknown,,spy_holdings_2026_06_17
2026-06-17,ERIE,Erie Indemnity Company Cl A,0.008797,Unknown,,spy_holdings_2026_06_17
2026-06-17,BF.B,Brown Forman Corp Class B,0.006908,Unknown,,spy_holdings_2026_06_17
2026-06-17,CPB,The Campbell S Company,0.006579,Unknown,,spy_holdings_2026_06_17
2026-06-17,NWS,News Corp   Class B,0.00565,Unknown,,spy_holdings_2026_06_17
2026-06-17,PSKY,Paramount Skydance Cl B,0.004905,Unknown,,spy_holdings_2026_06_17
2026-06-17,2602335D,Contra Hologic Incorpo,3.0E-6,Unknown,,spy_holdings_2026_06_17
